4 Non Blondes,0Je74SitssvJg1w4Ra2EK7
Arctic Monkeys,7Ln80lUS6He07XvHI8qqHH
Baby FuzZ,6Lggjs4DCSP5NNRygUnwP4
Backstreet Boys,5rSXSAkZ67PYJSvpUpkOr7
Backstreet Boys,5rSXSAkZ67PYJSvpUpkOr7
Brocas Helm,3SqgPwwDvxS5gRzt0n7jJA
Cadillac,3sOGmRN0vkQAlxUzVlaYgn
Circa Survive,11FY888Qctoy6YueCpFkXT
Circa Survive,11FY888Qctoy6YueCpFkXT
Circa Survive,11FY888Qctoy6YueCpFkXT
Circa Survive,11FY888Qctoy6YueCpFkXT
Daft Punk,4tZwfgrHOc3mvqYlEYSvVi
Dreamgirl,7JPPLV24jlpVoHz5dHN6pR
Dua Lipa,6M2wZ9GZgrQXHCFfjv46we
Dua Lipa,6M2wZ9GZgrQXHCFfjv46we
Dua Lipa,6M2wZ9GZgrQXHCFfjv46we
girl in red,3uwAm6vQy7kWPS2bciKWx9
Green Day,7oPftvlwr6VrsViSDV7fJY
Halsey,26VFTg2z8YR0cCuwLzESi2
Harry Styles,6KImCVD70vtIoJWnq6nGn3
Harry Styles,6KImCVD70vtIoJWnq6nGn3
Jan Romina,0y1neuJ9OeQHyvAFju6T1V
Johan Kolstrup,7os51AqwciJyXtB7TDzOop
Joji,3MZsBdqDrRTJihTHQrO6Dq
Joji,3MZsBdqDrRTJihTHQrO6Dq
Joji,3MZsBdqDrRTJihTHQrO6Dq
Kali,3UTQd8eWHGNvMNGIZ578p2
King Crimson,7M1FPw29m5FbicYzS2xdpi
Lana Del Rey,00FQb4jTyendYWaN8pK0wa
Lana Del Rey,00FQb4jTyendYWaN8pK0wa
London Grammar,3Bd1cgCjtCI32PYvDC3ynO
London Grammar,3Bd1cgCjtCI32PYvDC3ynO
Low Roar,5WoWlP0ihSFIxnppxjwSgE
LP,0J7U24vlOOIeMpuaO6Q85A
Midge Ure,2N4isf5pypyuDVpBofqEN8
Miley Cyrus,5YGY8feqx7naU7z4HrwZM6
Oberhofer,5zb7wVUx1vTXLB6HX26EnX
Robin Moss,1WVr8WZWbvzhknRIavJBJ3
Sia,5WUlDfRSoLAfcVSX1WnrxN
Sia,5WUlDfRSoLAfcVSX1WnrxN
St. Vincent,7bcbShaqKdcyjnmv4Ix8j6
Taylor Swift,06HL4z0CvFAxyc27GXpf02
The Neighbourhood,77SW9BnxLY8rJ0RciFqkHh
The Neighbourhood,77SW9BnxLY8rJ0RciFqkHh
The Vaccines,0Ak6DLKHtpR6TEEnmcorKA
The Vaccines,0Ak6DLKHtpR6TEEnmcorKA
The Weeknd,1Xyo4u8uXC1ZmMpatF05PJ
The Weeknd,1Xyo4u8uXC1ZmMpatF05PJ
Vance Joy,10exVja0key0uqUkk6LJRT
WILLOW,3rWZHrfrsPBxVy692yAIxF
You Me At Six,1kNQXvepPjaPgUfeDAF2h6
