2P8M5eo4zWFD0JJtH4D0iA,"Bigger, Better, Faster, More !",2AiUFAeAsSR9lcpGxdc2Sj
6rsQnwaoJHxXJRCDBPkBRw,Favourite Worst Nightmare (Standard Version),58ge6dfP91o9oXMzq3XkIS
0fyMEZC5HrUkAgS3xx1Z8p,Plastic Paradise,0R5pOgkclZWEetpBjNiMBx
1NslKOZobWxINFaFkLol3r,The Hits--Chapter One,6e40mgJiCid5HRAGrbpGA6
1Wz9PANLXjaOskUv575hRV,Never Gone,0CnD7Hiw6pae6rLsZw5q5W
71mQjHx813HnvCYZFbgTiV,Defender Of The Crown,2Cc7FeEQpEpnfdtHvotcMK
3Eh1CGRvYHkaPuzWGXxB1V,Cadillac,2DQJMVWTFQVXtyBDBSAL7j
4qnReAHxW9FRl2EMPCRl9p,Blue Sky Noise (Deluxe - Remastered),6Tpzzp6BI0oQiHChWO4wH0
4qnReAHxW9FRl2EMPCRl9p,Blue Sky Noise (Deluxe - Remastered),2wav9X3SPxSQNNO9AYj47L
4qnReAHxW9FRl2EMPCRl9p,Blue Sky Noise (Deluxe - Remastered),6ZufykTt4x0oaVVYDkBAwg
4Chn7XF8fzngf9GPfTMXLz,On Letting Go,3SizB9Beb0HZHww3PjoXbQ
2noRn2Aes5aoNVsU6iWThc,Discovery,0DiWol3AO6WpXZgp0goxAV
0ZIKewlUplFJTSap7wssgc,Weekend 4 the Girls,5YJeLZ0rfDnVxohNF8loMi
7fJJK56U9fHixgO0HQkhtI,Future Nostalgia,017PF4Q3l4DBUiWoXk4OWT
368tzVdeju4vLSY8PHnQUs,Break My Heart,1raaNykBg1bDnWENUiglUA
7fJJK56U9fHixgO0HQkhtI,Future Nostalgia,3PfIrDoz19wz7qK7tYeu62
4oRcMHsdNG9IAF3xwv1kWu,we fell in love in october / forget her,1BYZxKSf0aTxp8ZFoeyM3d
3id4t9IqRoB1f1smOERtrY,Greatest Hits: God's Favorite Band,4VgEM12OeaN3GyBV487Me7
5U5rt98q8Jqx4lP3RdqYfO,BADLANDS,6Xs7OKt6i0Ddq8B4M5Dgvr
7xV2TzoaVc0ycW7fwBwAml,Fine Line,45S5WTQEGOB1VHr1Q4FuPl
7xV2TzoaVc0ycW7fwBwAml,Fine Line,6UelLqGlWMcVH1E5c4H7lY
6F45cvXnP23smAAGbuJxlN,FOOL,5g67GAJC5JaQ7rwbHQ3h5O
0KHGqhSsjbLM3Ye2KmHji1,Ruffled Feathers,1MREZD21j8kDKNwcVO6EqB
6YKk4wlKdACRITGKmGnoIm,Nectar,5jSBnH9NyaNP5zdSB3pwgu
5EzDhyNZuO7kuaABHwbBKX,Nectar,1MONUudxAjEk76FJvzGhuD
5EzDhyNZuO7kuaABHwbBKX,Nectar,3AkdSFo7quCZ781KCqNK0T
2gym42WQgN9iq0TUPpTLGv,Perfect Reality - Single,6kjlNb5BlX8iquH8cz2TsS
0ga8Q4tTXaFf9q3LvT8hrC,Radical Action To Unseat the Hold of Monkey Mind (Live),5B3kUEYyQeQFLhkKuH6jFF
5XpEKORZ4y6OrCZSKsi46A,Norman Fucking Rockwell!,7oTE1KmtU2ml9zBhv9Reao
5XpEKORZ4y6OrCZSKsi46A,Norman Fucking Rockwell!,2mdEsXPu8ZmkHRRtAdC09e
2J4dwQHk8EZKPKGhM1EzOU,If You Wait,4PRQ8IJzRvbDWNONJWGbwH
2J4dwQHk8EZKPKGhM1EzOU,If You Wait,3elOzp9X3B8vMGhJBWzbIF
7f7U2QDkW5bjMoqCMfx0EA,"Once In a Long, Long While...",1fMXwjdLXOWmoPfiMT0cJD
0dYi4VGov4Dl4AED2eVwPw,Lost on You,2LIh4uzqq9cXMPzzmcToHl
5LA2RqF2gWtd1Zl4kCH9z9,The Gift (Deluxe Version),2HUNIj9v8qlJnpuslgcSIX
7CUczABBlsbd5fqng9mjxo,Malibu,2habSXqcJGExM6JJyskY7O
3g5x7FHBksAsL5syfukMwI,Chronovision,1HyImWEaQ6ApypgRa7oBMX
0mYZjMfaU8rIjOmisVHXax,SALT,5Dds3eoaAtoriNME3Sodcs
2eV6DIPDnGl1idcjww6xyX,This Is Acting (Deluxe Version),6MowG7MRVgPfGlCMsXKMJ2
6FdNvoO5sF4EKwCX9je1MH,1000 Forms Of Fear (Deluxe Version),6H8UxS43KArEIu2vGZI9Dj
4RoOGpdrgfiIUyv0kLaC4e,MASSEDUCTION,2qTy3hGSbxoSenKmlKGHFw
2fenSS68JI1h4Fo296JfGr,folklore,2QDyYdZyhlP2fp79KZX8Bi
2JyArayVlT6t3MVWLLdSwZ,Chip Chrome & The Mono-Tones (Deluxe),0VF7YLIxSQKyNiFL3X6MmN
4xkM0BwLM9H2IUcbYzpcBI,I Love You.,2QjOHCTQ1Jl3zawyYOpxh6
1PyiRNv1L6efdpuhACuHmr,All In White,1jbejD3cTUaqlh6NsmdrNa
3lgzoi5buvKM7M01qh6WAY,Combat Sports,6OaNZ1eJMuPquhppWYNyTN
4yP0hdKOZPNshxUOjY0cZj,After Hours,7szuecWAPwGoV1e5vGu8tl
4yP0hdKOZPNshxUOjY0cZj,After Hours,5QO79kh1waicV47BqGRL3g
5S9b8euumqMhQbMk0zzQdH,Dream Your Life Away (Special Edition),3JvrhDOgAt6p7K8mDyZwRd
0wfne2JijoxJm0qzJd3V5h,ARDIPITHECUS,0y60itmpH0aPKsFiGxmtnh
4yjsI1F0ViI00Xbi7zJ4wm,Cavalier Youth,2awEDD5jye0Y5qIZBLmrEy
