0Je74SitssvJg1w4Ra2EK7,America
7Ln80lUS6He07XvHI8qqHH,England
6Lggjs4DCSP5NNRygUnwP4,America
5rSXSAkZ67PYJSvpUpkOr7,America
5rSXSAkZ67PYJSvpUpkOr7,America
3SqgPwwDvxS5gRzt0n7jJA,America
3sOGmRN0vkQAlxUzVlaYgn,America
11FY888Qctoy6YueCpFkXT,America
11FY888Qctoy6YueCpFkXT,America
11FY888Qctoy6YueCpFkXT,America
11FY888Qctoy6YueCpFkXT,America
4tZwfgrHOc3mvqYlEYSvVi,France
7JPPLV24jlpVoHz5dHN6pR,America
6M2wZ9GZgrQXHCFfjv46we,England
6M2wZ9GZgrQXHCFfjv46we,England
6M2wZ9GZgrQXHCFfjv46we,England
3uwAm6vQy7kWPS2bciKWx9,Norway
7oPftvlwr6VrsViSDV7fJY,America
26VFTg2z8YR0cCuwLzESi2,America
6KImCVD70vtIoJWnq6nGn3,England
6KImCVD70vtIoJWnq6nGn3,England
0y1neuJ9OeQHyvAFju6T1V,Argentina
7os51AqwciJyXtB7TDzOop,Denmark
3MZsBdqDrRTJihTHQrO6Dq,Japan
3MZsBdqDrRTJihTHQrO6Dq,Japan
3MZsBdqDrRTJihTHQrO6Dq,Japan
3UTQd8eWHGNvMNGIZ578p2,America
7M1FPw29m5FbicYzS2xdpi,England
00FQb4jTyendYWaN8pK0wa,America
00FQb4jTyendYWaN8pK0wa,America
3Bd1cgCjtCI32PYvDC3ynO,England
3Bd1cgCjtCI32PYvDC3ynO,England
5WoWlP0ihSFIxnppxjwSgE,Iceland
0J7U24vlOOIeMpuaO6Q85A,America
2N4isf5pypyuDVpBofqEN8,Scotland
5YGY8feqx7naU7z4HrwZM6,America
5zb7wVUx1vTXLB6HX26EnX,America
1WVr8WZWbvzhknRIavJBJ3,America
5WUlDfRSoLAfcVSX1WnrxN,Australia
5WUlDfRSoLAfcVSX1WnrxN,Australia
7bcbShaqKdcyjnmv4Ix8j6,America
06HL4z0CvFAxyc27GXpf02,America
77SW9BnxLY8rJ0RciFqkHh,America
77SW9BnxLY8rJ0RciFqkHh,America
0Ak6DLKHtpR6TEEnmcorKA,England
0Ak6DLKHtpR6TEEnmcorKA,England
1Xyo4u8uXC1ZmMpatF05PJ,Canada
1Xyo4u8uXC1ZmMpatF05PJ,Canada
10exVja0key0uqUkk6LJRT,Australia
3rWZHrfrsPBxVy692yAIxF,America
1kNQXvepPjaPgUfeDAF2h6,England
