2AiUFAeAsSR9lcpGxdc2Sj,Spaceman,1992-01-01,1,2P8M5eo4zWFD0JJtH4D0iA,0Je74SitssvJg1w4Ra2EK7
58ge6dfP91o9oXMzq3XkIS,505,2007-04-24,1,6rsQnwaoJHxXJRCDBPkBRw,7Ln80lUS6He07XvHI8qqHH
0R5pOgkclZWEetpBjNiMBx,Cig,2019-02-26,2,0fyMEZC5HrUkAgS3xx1Z8p,6Lggjs4DCSP5NNRygUnwP4
6e40mgJiCid5HRAGrbpGA6,I Want It That Way,2001-10-23,3,1NslKOZobWxINFaFkLol3r,5rSXSAkZ67PYJSvpUpkOr7
0CnD7Hiw6pae6rLsZw5q5W,Incomplete,2005-06-14,3,1Wz9PANLXjaOskUv575hRV,5rSXSAkZ67PYJSvpUpkOr7
2Cc7FeEQpEpnfdtHvotcMK,Defender Of The Crown,2004-07-04,5,71mQjHx813HnvCYZFbgTiV,3SqgPwwDvxS5gRzt0n7jJA
2DQJMVWTFQVXtyBDBSAL7j,Past Midnight,2011-10-24,2,3Eh1CGRvYHkaPuzWGXxB1V,3sOGmRN0vkQAlxUzVlaYgn
6Tpzzp6BI0oQiHChWO4wH0,Frozen Creek,2018-08-10,1,4qnReAHxW9FRl2EMPCRl9p,11FY888Qctoy6YueCpFkXT
2wav9X3SPxSQNNO9AYj47L,Get Out,2018-08-10,1,4qnReAHxW9FRl2EMPCRl9p,11FY888Qctoy6YueCpFkXT
6ZufykTt4x0oaVVYDkBAwg,Strange Terrain,2018-08-10,1,4qnReAHxW9FRl2EMPCRl9p,11FY888Qctoy6YueCpFkXT
3SizB9Beb0HZHww3PjoXbQ,The Difference Between Medicine And Poison Is In The Dose,2006-07-31,1,4Chn7XF8fzngf9GPfTMXLz,11FY888Qctoy6YueCpFkXT
0DiWol3AO6WpXZgp0goxAV,One More Time,2001-03-12,4,2noRn2Aes5aoNVsU6iWThc,4tZwfgrHOc3mvqYlEYSvVi
5YJeLZ0rfDnVxohNF8loMi,Weekend 4 the Girls,2018-12-07,2,0ZIKewlUplFJTSap7wssgc,7JPPLV24jlpVoHz5dHN6pR
017PF4Q3l4DBUiWoXk4OWT,Break My Heart,2020-03-27,3,7fJJK56U9fHixgO0HQkhtI,6M2wZ9GZgrQXHCFfjv46we
1raaNykBg1bDnWENUiglUA,Break My Heart,2020-03-25,3,368tzVdeju4vLSY8PHnQUs,6M2wZ9GZgrQXHCFfjv46we
3PfIrDoz19wz7qK7tYeu62,Don't Start Now,2020-03-27,3,7fJJK56U9fHixgO0HQkhtI,6M2wZ9GZgrQXHCFfjv46we
1BYZxKSf0aTxp8ZFoeyM3d,we fell in love in october,2018-11-21,3,4oRcMHsdNG9IAF3xwv1kWu,3uwAm6vQy7kWPS2bciKWx9
4VgEM12OeaN3GyBV487Me7,Holiday,2017-11-17,1,3id4t9IqRoB1f1smOERtrY,7oPftvlwr6VrsViSDV7fJY
6Xs7OKt6i0Ddq8B4M5Dgvr,New Americana,2015-08-28,3,5U5rt98q8Jqx4lP3RdqYfO,26VFTg2z8YR0cCuwLzESi2
45S5WTQEGOB1VHr1Q4FuPl,Golden,2019-12-13,3,7xV2TzoaVc0ycW7fwBwAml,6KImCVD70vtIoJWnq6nGn3
6UelLqGlWMcVH1E5c4H7lY,Watermelon Sugar,2019-12-13,3,7xV2TzoaVc0ycW7fwBwAml,6KImCVD70vtIoJWnq6nGn3
5g67GAJC5JaQ7rwbHQ3h5O,FOOL,2018-01-01,2,6F45cvXnP23smAAGbuJxlN,0y1neuJ9OeQHyvAFju6T1V
1MREZD21j8kDKNwcVO6EqB,Ruffled Feathers,2014-03-03,3,0KHGqhSsjbLM3Ye2KmHji1,7os51AqwciJyXtB7TDzOop
5jSBnH9NyaNP5zdSB3pwgu,Gimme Love,2020-09-24,6,6YKk4wlKdACRITGKmGnoIm,3MZsBdqDrRTJihTHQrO6Dq
1MONUudxAjEk76FJvzGhuD,Like You Do,2020-09-25,6,5EzDhyNZuO7kuaABHwbBKX,3MZsBdqDrRTJihTHQrO6Dq
3AkdSFo7quCZ781KCqNK0T,Run,2020-09-25,6,5EzDhyNZuO7kuaABHwbBKX,3MZsBdqDrRTJihTHQrO6Dq
6kjlNb5BlX8iquH8cz2TsS,Perfect Reality,2015-05-15,3,2gym42WQgN9iq0TUPpTLGv,3UTQd8eWHGNvMNGIZ578p2
5B3kUEYyQeQFLhkKuH6jFF,The Court of the Crimson King,2017-06-02,1,0ga8Q4tTXaFf9q3LvT8hrC,7M1FPw29m5FbicYzS2xdpi
7oTE1KmtU2ml9zBhv9Reao,California,2019-08-30,2,5XpEKORZ4y6OrCZSKsi46A,00FQb4jTyendYWaN8pK0wa
2mdEsXPu8ZmkHRRtAdC09e,Cinnamon Girl,2019-08-30,2,5XpEKORZ4y6OrCZSKsi46A,00FQb4jTyendYWaN8pK0wa
4PRQ8IJzRvbDWNONJWGbwH,Nightcall,2013-09-10,3,2J4dwQHk8EZKPKGhM1EzOU,3Bd1cgCjtCI32PYvDC3ynO
3elOzp9X3B8vMGhJBWzbIF,Wasting My Young Years,2013-09-10,3,2J4dwQHk8EZKPKGhM1EzOU,3Bd1cgCjtCI32PYvDC3ynO
1fMXwjdLXOWmoPfiMT0cJD,Without You,2017-04-14,2,7f7U2QDkW5bjMoqCMfx0EA,5WoWlP0ihSFIxnppxjwSgE
2LIh4uzqq9cXMPzzmcToHl,Lost on You,2017-05-05,2,0dYi4VGov4Dl4AED2eVwPw,0J7U24vlOOIeMpuaO6Q85A
2HUNIj9v8qlJnpuslgcSIX,The Man Who Sold the World,1985-10-19,3,5LA2RqF2gWtd1Zl4kCH9z9,2N4isf5pypyuDVpBofqEN8
2habSXqcJGExM6JJyskY7O,Malibu,2017-05-11,3,7CUczABBlsbd5fqng9mjxo,5YGY8feqx7naU7z4HrwZM6
1HyImWEaQ6ApypgRa7oBMX,Sea of Dreams,2015-10-09,2,3g5x7FHBksAsL5syfukMwI,5zb7wVUx1vTXLB6HX26EnX
5Dds3eoaAtoriNME3Sodcs,Frontier,2020-07-17,2,0mYZjMfaU8rIjOmisVHXax,1WVr8WZWbvzhknRIavJBJ3
6MowG7MRVgPfGlCMsXKMJ2,Bird Set Free,2016-10-21,3,2eV6DIPDnGl1idcjww6xyX,5WUlDfRSoLAfcVSX1WnrxN
6H8UxS43KArEIu2vGZI9Dj,Eye of the Needle,2015-05-04,3,6FdNvoO5sF4EKwCX9je1MH,5WUlDfRSoLAfcVSX1WnrxN
2qTy3hGSbxoSenKmlKGHFw,Los Ageless,2017-10-13,1,4RoOGpdrgfiIUyv0kLaC4e,7bcbShaqKdcyjnmv4Ix8j6
2QDyYdZyhlP2fp79KZX8Bi,mad woman,2020-07-24,3,2fenSS68JI1h4Fo296JfGr,06HL4z0CvFAxyc27GXpf02
0VF7YLIxSQKyNiFL3X6MmN,Stargazing,2020-12-11,1,2JyArayVlT6t3MVWLLdSwZ,77SW9BnxLY8rJ0RciFqkHh
2QjOHCTQ1Jl3zawyYOpxh6,Sweater Weather,2013-04-19,1,4xkM0BwLM9H2IUcbYzpcBI,77SW9BnxLY8rJ0RciFqkHh
1jbejD3cTUaqlh6NsmdrNa,Tuck and Roll,2011-06-03,1,1PyiRNv1L6efdpuhACuHmr,0Ak6DLKHtpR6TEEnmcorKA
6OaNZ1eJMuPquhppWYNyTN,Your Love Is My Favourite Band,2018-03-30,1,3lgzoi5buvKM7M01qh6WAY,0Ak6DLKHtpR6TEEnmcorKA
7szuecWAPwGoV1e5vGu8tl,In Your Eyes,2020-03-20,6,4yP0hdKOZPNshxUOjY0cZj,1Xyo4u8uXC1ZmMpatF05PJ
5QO79kh1waicV47BqGRL3g,Save Your Tears,2020-03-20,6,4yP0hdKOZPNshxUOjY0cZj,1Xyo4u8uXC1ZmMpatF05PJ
3JvrhDOgAt6p7K8mDyZwRd,Riptide,2014-09-09,2,5S9b8euumqMhQbMk0zzQdH,10exVja0key0uqUkk6LJRT
0y60itmpH0aPKsFiGxmtnh,Wait a Minute!,2015-01-11,2,0wfne2JijoxJm0qzJd3V5h,3rWZHrfrsPBxVy692yAIxF
2awEDD5jye0Y5qIZBLmrEy,Lived A Lie,2014-01-27,1,4yjsI1F0ViI00Xbi7zJ4wm,1kNQXvepPjaPgUfeDAF2h6
